-- =============================================================================
-- PASSO 2/2 — Import de orçamentos, itens e composição da calculadora antiga
-- (docs/orders*.json).
-- Gerado por scripts/import-legacy-orcamentos.mjs — revisar antes de executar.
--
-- Pré-requisito: rodar docs/import-legacy-1-materiais.sql antes deste script,
-- pois a composição dos itens referencia os materiais criados por ele.
-- =============================================================================

BEGIN;

-- -----------------------------------------------------------------------------
-- 1. Clientes (deduplicados por nome, ignorando maiúsculas/minúsculas)
-- -----------------------------------------------------------------------------
INSERT INTO public."Cliente" (
  "id", "nome", "telefone", "email", "ativo", "criadoEm", "atualizadoEm"
) VALUES
  ('45f242bb-3a58-4c65-a054-1bd314ab7e8d', 'Ingift', NULL, NULL, true, '2026-06-08 20:34:35.808237+00', '2026-06-08 20:34:35.808237+00'),
  ('ef8d37de-e473-4ce4-88ff-e375c4fee3f4', 'Gabriel', NULL, NULL, true, '2026-06-08 22:04:39.583413+00', '2026-06-08 22:04:39.583413+00'),
  ('28b9d3a1-4160-46a8-90b6-5be801949309', 'nome do cabra', '515151', 'teste@teste.com', true, '2026-05-28 19:57:48.141625+00', '2026-05-28 19:57:48.141625+00'),
  ('0805f40e-3b26-41d6-aa6d-e064fe4902a3', 'Kill', NULL, NULL, true, '2026-06-07 20:38:49.643277+00', '2026-06-07 20:38:49.643277+00'),
  ('8f78d52e-6132-4e91-9e8a-83b343d66c44', 'Camila Singular', NULL, NULL, true, '2026-06-18 15:03:03.232388+00', '2026-06-18 15:03:03.232388+00'),
  ('41e67b04-df81-4ac6-8af9-0f0d8ce12640', 'Personal Breno', NULL, NULL, true, '2026-06-23 16:30:01.875981+00', '2026-06-23 16:30:01.875981+00'),
  ('a064d401-7aa5-4777-a967-cb8da6915b36', 'Tassia', NULL, NULL, true, '2026-06-23 16:54:39.500804+00', '2026-06-23 16:54:39.500804+00'),
  ('e307b59c-0006-4097-9a29-3dc5eac0eba8', 'Ney', NULL, NULL, true, '2026-06-26 13:07:08.56392+00', '2026-06-26 13:07:08.56392+00')
ON CONFLICT ("id") DO NOTHING;

-- -----------------------------------------------------------------------------
-- 2. Orçamentos
-- -----------------------------------------------------------------------------
INSERT INTO public."Orcamento" (
  "id", "clienteId", "statusOrcamentoId", "configuracaoImpressoraId", "travado", "faturado",
  "validoAte", "prazoEntrega", "origem", "idExterno", "observacoes",
  "custoSubtotal", "precoTotal", "criadoEm", "atualizadoEm", "criadoPor", "atualizadoPor"
) VALUES
  ('ce498929-410d-4c5e-aa5d-d050bd46f4aa', '45f242bb-3a58-4c65-a054-1bd314ab7e8d', (SELECT "id" FROM public."OrcamentoStatus" WHERE "codigo" = 'em_digitacao' LIMIT 1), NULL, false, false, NULL, NULL, 'manual', NULL, NULL, 3.2081035, 6.416207, '2026-06-08 20:34:35.808237+00', '2026-06-08 20:34:35.808237+00', NULL, NULL),
  ('67870d49-4d1e-4aa7-940b-7c7a8837d268', '45f242bb-3a58-4c65-a054-1bd314ab7e8d', (SELECT "id" FROM public."OrcamentoStatus" WHERE "codigo" = 'em_digitacao' LIMIT 1), NULL, false, false, NULL, NULL, 'manual', NULL, NULL, 0, 0, '2026-06-08 21:51:34.28832+00', '2026-06-08 21:51:34.28832+00', NULL, NULL),
  ('758240d9-4ee0-4a42-bd81-5445b5d639d2', 'ef8d37de-e473-4ce4-88ff-e375c4fee3f4', (SELECT "id" FROM public."OrcamentoStatus" WHERE "codigo" = 'em_digitacao' LIMIT 1), NULL, false, false, NULL, NULL, 'manual', NULL, NULL, 4.26486125, 8.5297225, '2026-06-08 22:04:39.583413+00', '2026-06-08 22:08:26.470775+00', NULL, NULL),
  ('4253d57e-7ca2-4452-bd61-b40b7c66e88c', '45f242bb-3a58-4c65-a054-1bd314ab7e8d', (SELECT "id" FROM public."OrcamentoStatus" WHERE "codigo" = 'em_digitacao' LIMIT 1), NULL, false, false, NULL, NULL, 'manual', NULL, NULL, 1.733116, 3.466232, '2026-06-09 12:26:17.662895+00', '2026-06-09 12:26:17.662895+00', NULL, NULL),
  ('63fa501b-1f9c-4701-b056-35c4d21c74d9', '45f242bb-3a58-4c65-a054-1bd314ab7e8d', (SELECT "id" FROM public."OrcamentoStatus" WHERE "codigo" = 'em_digitacao' LIMIT 1), NULL, false, false, NULL, NULL, 'manual', NULL, NULL, 5.260575250000001, 10.521150500000003, '2026-06-10 11:34:04.560139+00', '2026-06-10 11:34:04.560139+00', NULL, NULL),
  ('331541da-1d62-40a0-93c0-7677bd0960b2', '28b9d3a1-4160-46a8-90b6-5be801949309', (SELECT "id" FROM public."OrcamentoStatus" WHERE "codigo" = 'aguardando_aprovacao' LIMIT 1), NULL, false, false, NULL, NULL, 'manual', NULL, NULL, 46.82943749999999, 93.65887499999998, '2026-05-28 19:57:48.141625+00', '2026-05-29 20:07:35.692944+00', NULL, NULL),
  ('8079bb7f-d172-4156-9b39-bb1078424120', '45f242bb-3a58-4c65-a054-1bd314ab7e8d', (SELECT "id" FROM public."OrcamentoStatus" WHERE "codigo" = 'em_digitacao' LIMIT 1), NULL, false, false, NULL, NULL, 'manual', NULL, NULL, 1.61336025, 3.2267205, '2026-06-03 22:20:49.729654+00', '2026-06-03 22:20:49.729654+00', NULL, NULL),
  ('7828e77b-506e-4b3e-941f-5bdf7d330824', '45f242bb-3a58-4c65-a054-1bd314ab7e8d', (SELECT "id" FROM public."OrcamentoStatus" WHERE "codigo" = 'em_digitacao' LIMIT 1), NULL, false, false, NULL, NULL, 'manual', NULL, NULL, 22.9047455, 45.809491, '2026-06-03 16:49:14.098319+00', '2026-06-03 22:20:56.195916+00', NULL, NULL),
  ('7c45c9bc-90d7-4f09-90ae-f06fe8ac462d', '45f242bb-3a58-4c65-a054-1bd314ab7e8d', (SELECT "id" FROM public."OrcamentoStatus" WHERE "codigo" = 'em_digitacao' LIMIT 1), NULL, false, false, NULL, NULL, 'manual', NULL, NULL, 4.49016925, 8.9803385, '2026-06-10 15:18:48.035798+00', '2026-06-10 15:18:48.035798+00', NULL, NULL),
  ('15004ee6-8bc2-4b0a-ba00-c47bd981763b', '45f242bb-3a58-4c65-a054-1bd314ab7e8d', (SELECT "id" FROM public."OrcamentoStatus" WHERE "codigo" = 'em_digitacao' LIMIT 1), NULL, false, false, NULL, NULL, 'manual', NULL, NULL, 5.225397, 10.450794, '2026-06-03 22:31:31.628614+00', '2026-06-06 20:22:23.602935+00', NULL, NULL),
  ('7f2d0e22-75c2-485f-9e3b-4f46f5b51323', '45f242bb-3a58-4c65-a054-1bd314ab7e8d', (SELECT "id" FROM public."OrcamentoStatus" WHERE "codigo" = 'em_digitacao' LIMIT 1), NULL, false, false, NULL, NULL, 'manual', NULL, NULL, 1.9363382500000001, 3.8726765000000003, '2026-06-10 11:53:48.753219+00', '2026-06-10 15:19:22.772105+00', NULL, NULL),
  ('e245bff5-9f1a-4012-af50-3991eb9e2c10', '45f242bb-3a58-4c65-a054-1bd314ab7e8d', (SELECT "id" FROM public."OrcamentoStatus" WHERE "codigo" = 'em_digitacao' LIMIT 1), NULL, false, false, NULL, NULL, 'manual', NULL, NULL, 1.69875475, 3.3975095, '2026-06-06 20:27:20.483749+00', '2026-06-06 20:30:00.085093+00', NULL, NULL),
  ('023379bc-04d6-42d3-b912-69f4bef3ead7', '45f242bb-3a58-4c65-a054-1bd314ab7e8d', (SELECT "id" FROM public."OrcamentoStatus" WHERE "codigo" = 'em_digitacao' LIMIT 1), NULL, false, false, NULL, NULL, 'manual', NULL, NULL, 3.0222482499999996, 6.044496499999999, '2026-06-06 20:32:51.191164+00', '2026-06-06 20:32:51.191164+00', NULL, NULL),
  ('0e58f0cb-dc6a-4dcc-83d0-40837e5bbb98', '45f242bb-3a58-4c65-a054-1bd314ab7e8d', (SELECT "id" FROM public."OrcamentoStatus" WHERE "codigo" = 'em_digitacao' LIMIT 1), NULL, false, false, NULL, NULL, 'manual', NULL, NULL, 1.67364925, 3.3472985, '2026-06-06 20:36:28.825966+00', '2026-06-06 20:36:28.825966+00', NULL, NULL),
  ('adac65b2-72f1-405d-b44d-823ba91e89e9', '45f242bb-3a58-4c65-a054-1bd314ab7e8d', (SELECT "id" FROM public."OrcamentoStatus" WHERE "codigo" = 'em_digitacao' LIMIT 1), NULL, false, false, NULL, NULL, 'manual', NULL, NULL, 3.7185032500000004, 7.437006500000001, '2026-06-06 20:40:31.494868+00', '2026-06-06 20:40:31.494868+00', NULL, NULL),
  ('25c67435-b50b-4a24-baff-0ab60da94a51', '45f242bb-3a58-4c65-a054-1bd314ab7e8d', (SELECT "id" FROM public."OrcamentoStatus" WHERE "codigo" = 'em_digitacao' LIMIT 1), NULL, false, false, NULL, NULL, 'manual', NULL, NULL, 1.9860715, 3.972143, '2026-06-06 20:35:28.20348+00', '2026-06-06 20:49:48.846443+00', NULL, NULL),
  ('8fdea40a-48b0-44f5-9498-17f99acd3d6c', '45f242bb-3a58-4c65-a054-1bd314ab7e8d', (SELECT "id" FROM public."OrcamentoStatus" WHERE "codigo" = 'em_digitacao' LIMIT 1), NULL, false, false, NULL, NULL, 'manual', NULL, NULL, 9.55395, 19.1079, '2026-06-06 20:57:37.121663+00', '2026-06-06 20:57:37.121663+00', NULL, NULL),
  ('3aa7a335-31b7-4f7f-b29d-8a5150e6c8db', '45f242bb-3a58-4c65-a054-1bd314ab7e8d', (SELECT "id" FROM public."OrcamentoStatus" WHERE "codigo" = 'em_digitacao' LIMIT 1), NULL, false, false, NULL, NULL, 'manual', NULL, NULL, 3.3430757500000006, 6.686151500000001, '2026-06-06 21:01:16.811978+00', '2026-06-06 21:01:16.811978+00', NULL, NULL),
  ('f77619ae-fd7f-425a-b01e-422ff8e8d4c9', '45f242bb-3a58-4c65-a054-1bd314ab7e8d', (SELECT "id" FROM public."OrcamentoStatus" WHERE "codigo" = 'em_digitacao' LIMIT 1), NULL, false, false, NULL, NULL, 'manual', NULL, NULL, 2.91160975, 5.8232195, '2026-06-06 21:05:36.197567+00', '2026-06-06 21:05:36.197567+00', NULL, NULL),
  ('a3a43911-ea68-4d42-abaa-e49ed98399de', '45f242bb-3a58-4c65-a054-1bd314ab7e8d', (SELECT "id" FROM public."OrcamentoStatus" WHERE "codigo" = 'em_digitacao' LIMIT 1), NULL, false, false, NULL, NULL, 'manual', NULL, NULL, 1.5744487500000002, 3.1488975000000003, '2026-06-06 21:09:15.839212+00', '2026-06-06 21:09:15.839212+00', NULL, NULL),
  ('aaf0d0c9-82d9-42c3-8bd8-13391b18b36e', '45f242bb-3a58-4c65-a054-1bd314ab7e8d', (SELECT "id" FROM public."OrcamentoStatus" WHERE "codigo" = 'em_digitacao' LIMIT 1), NULL, false, false, NULL, NULL, 'manual', NULL, NULL, 0.9592327500000001, 1.9184655000000002, '2026-06-06 21:12:24.334506+00', '2026-06-06 21:12:24.334506+00', NULL, NULL),
  ('11305235-bea7-4ffc-8364-8ee254b33cfd', '45f242bb-3a58-4c65-a054-1bd314ab7e8d', (SELECT "id" FROM public."OrcamentoStatus" WHERE "codigo" = 'em_digitacao' LIMIT 1), NULL, false, false, NULL, NULL, 'manual', NULL, NULL, 2.3027935, 4.605587, '2026-06-06 21:35:54.818506+00', '2026-06-06 21:35:54.818506+00', NULL, NULL),
  ('7862bf66-876e-494c-9b08-54592ad81b4a', '45f242bb-3a58-4c65-a054-1bd314ab7e8d', (SELECT "id" FROM public."OrcamentoStatus" WHERE "codigo" = 'em_digitacao' LIMIT 1), NULL, false, false, NULL, NULL, 'manual', NULL, NULL, 2.5710212500000003, 5.1420425000000005, '2026-06-07 17:42:04.139029+00', '2026-06-07 17:42:04.139029+00', NULL, NULL),
  ('7b0e3954-94fd-4e7c-be6e-f04bb04adafa', '45f242bb-3a58-4c65-a054-1bd314ab7e8d', (SELECT "id" FROM public."OrcamentoStatus" WHERE "codigo" = 'em_digitacao' LIMIT 1), NULL, false, false, NULL, NULL, 'manual', NULL, NULL, 1.9089437500000004, 3.8178875000000008, '2026-06-07 17:42:56.205898+00', '2026-06-07 17:42:56.205898+00', NULL, NULL),
  ('ac993fbf-f256-474d-a4b1-b293af1a4071', '45f242bb-3a58-4c65-a054-1bd314ab7e8d', (SELECT "id" FROM public."OrcamentoStatus" WHERE "codigo" = 'em_digitacao' LIMIT 1), NULL, false, false, NULL, NULL, 'manual', NULL, NULL, 2.30126575, 4.6025315, '2026-06-07 17:49:07.052218+00', '2026-06-07 17:49:07.052218+00', NULL, NULL),
  ('d555e702-110a-4379-a664-a4a05ad15b58', '0805f40e-3b26-41d6-aa6d-e064fe4902a3', (SELECT "id" FROM public."OrcamentoStatus" WHERE "codigo" = 'em_digitacao' LIMIT 1), NULL, false, false, NULL, NULL, 'manual', NULL, NULL, 32.68893975, 65.3778795, '2026-06-07 20:38:49.643277+00', '2026-06-07 20:39:22.983178+00', NULL, NULL),
  ('0cf47fe5-a68a-4a6a-9eaf-4d5c29bb185e', '45f242bb-3a58-4c65-a054-1bd314ab7e8d', (SELECT "id" FROM public."OrcamentoStatus" WHERE "codigo" = 'em_digitacao' LIMIT 1), NULL, false, false, NULL, NULL, 'manual', NULL, NULL, 2.1982765, 4.396553, '2026-06-08 20:29:26.118721+00', '2026-06-08 20:29:26.118721+00', NULL, NULL),
  ('528fc824-f378-4951-a885-21bd767fec49', '45f242bb-3a58-4c65-a054-1bd314ab7e8d', (SELECT "id" FROM public."OrcamentoStatus" WHERE "codigo" = 'em_digitacao' LIMIT 1), NULL, false, false, NULL, NULL, 'manual', NULL, NULL, 4.8801077500000005, 9.760215500000001, '2026-06-10 15:21:18.96076+00', '2026-06-10 15:21:18.96076+00', NULL, NULL),
  ('c3799cba-37f7-487d-9cd4-84104c4935aa', '45f242bb-3a58-4c65-a054-1bd314ab7e8d', (SELECT "id" FROM public."OrcamentoStatus" WHERE "codigo" = 'em_digitacao' LIMIT 1), NULL, false, false, NULL, NULL, 'manual', NULL, NULL, 4.65683575, 9.3136715, '2026-06-10 20:24:35.145302+00', '2026-06-10 20:24:35.145302+00', NULL, NULL),
  ('899e2997-1b1a-4338-9d97-37a283344a00', '45f242bb-3a58-4c65-a054-1bd314ab7e8d', (SELECT "id" FROM public."OrcamentoStatus" WHERE "codigo" = 'em_digitacao' LIMIT 1), NULL, false, false, NULL, NULL, 'manual', NULL, NULL, 5.24113288, 10.48226576, '2026-06-13 18:55:16.320789+00', '2026-06-13 18:55:16.320789+00', NULL, NULL),
  ('9bc3d1a3-300c-41d4-b178-a5550e1c2e2d', '45f242bb-3a58-4c65-a054-1bd314ab7e8d', (SELECT "id" FROM public."OrcamentoStatus" WHERE "codigo" = 'em_digitacao' LIMIT 1), NULL, false, false, NULL, NULL, 'manual', NULL, NULL, 7.59566233, 15.19132466, '2026-06-13 19:22:01.61192+00', '2026-06-13 19:22:43.979879+00', NULL, NULL),
  ('a65130ae-3301-4b72-b198-5ca413cbfcf6', '45f242bb-3a58-4c65-a054-1bd314ab7e8d', (SELECT "id" FROM public."OrcamentoStatus" WHERE "codigo" = 'em_digitacao' LIMIT 1), NULL, false, false, NULL, NULL, 'manual', NULL, NULL, 2.9150653, 5.8301306, '2026-06-13 21:17:53.339192+00', '2026-06-13 21:17:53.339192+00', NULL, NULL),
  ('43282b0c-8555-4258-836c-0e90fd5e8f3f', '45f242bb-3a58-4c65-a054-1bd314ab7e8d', (SELECT "id" FROM public."OrcamentoStatus" WHERE "codigo" = 'em_digitacao' LIMIT 1), NULL, false, false, NULL, NULL, 'manual', NULL, NULL, 3.6975181600000004, 7.395036320000001, '2026-06-13 23:27:23.515623+00', '2026-06-13 23:27:23.515623+00', NULL, NULL),
  ('165fa3cf-029b-4d9f-9239-954b5610d9e9', '45f242bb-3a58-4c65-a054-1bd314ab7e8d', (SELECT "id" FROM public."OrcamentoStatus" WHERE "codigo" = 'em_digitacao' LIMIT 1), NULL, false, false, NULL, NULL, 'manual', NULL, NULL, 5.91598, 11.83196, '2026-06-15 16:18:48.49941+00', '2026-06-15 16:18:48.49941+00', NULL, NULL),
  ('692aa11f-31df-4ca4-b9f2-a5738777c616', '45f242bb-3a58-4c65-a054-1bd314ab7e8d', (SELECT "id" FROM public."OrcamentoStatus" WHERE "codigo" = 'em_digitacao' LIMIT 1), NULL, false, false, NULL, NULL, 'manual', NULL, NULL, 5.4839522500000015, 10.967904500000003, '2026-06-15 22:47:06.261614+00', '2026-06-15 22:47:06.261614+00', NULL, NULL),
  ('5b7d2343-1f19-4ad8-81e9-ba870ac241a2', '45f242bb-3a58-4c65-a054-1bd314ab7e8d', (SELECT "id" FROM public."OrcamentoStatus" WHERE "codigo" = 'em_digitacao' LIMIT 1), NULL, false, false, NULL, NULL, 'manual', NULL, NULL, 2.8089600000000003, 5.617920000000001, '2026-06-17 12:53:15.486093+00', '2026-06-17 12:53:15.486093+00', NULL, NULL),
  ('28dd7096-a33f-410b-8688-ef466150c643', '45f242bb-3a58-4c65-a054-1bd314ab7e8d', (SELECT "id" FROM public."OrcamentoStatus" WHERE "codigo" = 'em_digitacao' LIMIT 1), NULL, false, false, NULL, NULL, 'manual', NULL, NULL, 2.58307875, 5.1661575, '2026-06-17 17:04:04.940829+00', '2026-06-17 17:04:04.940829+00', NULL, NULL),
  ('fbb3a446-7f99-4f7d-a9f0-70ac8e5513d1', '8f78d52e-6132-4e91-9e8a-83b343d66c44', (SELECT "id" FROM public."OrcamentoStatus" WHERE "codigo" = 'em_digitacao' LIMIT 1), NULL, false, false, NULL, NULL, 'manual', NULL, NULL, 23.390482000000002, 46.780964000000004, '2026-06-18 15:03:03.232388+00', '2026-06-18 15:03:03.232388+00', NULL, NULL),
  ('331abc25-b17f-4b3d-89ee-a95f9e09b276', '45f242bb-3a58-4c65-a054-1bd314ab7e8d', (SELECT "id" FROM public."OrcamentoStatus" WHERE "codigo" = 'em_digitacao' LIMIT 1), NULL, false, false, NULL, NULL, 'manual', NULL, NULL, 5.4100895, 10.820179, '2026-06-20 21:19:51.285021+00', '2026-06-20 21:19:51.285021+00', NULL, NULL),
  ('18c71675-554d-4dc1-bec1-a6ad972c39a7', '45f242bb-3a58-4c65-a054-1bd314ab7e8d', (SELECT "id" FROM public."OrcamentoStatus" WHERE "codigo" = 'em_digitacao' LIMIT 1), NULL, false, false, NULL, NULL, 'manual', NULL, NULL, 7.58253425, 15.1650685, '2026-06-20 21:22:27.941614+00', '2026-06-20 21:22:27.941614+00', NULL, NULL),
  ('042f57b2-b540-422d-b9e1-c09b61e890d8', '45f242bb-3a58-4c65-a054-1bd314ab7e8d', (SELECT "id" FROM public."OrcamentoStatus" WHERE "codigo" = 'em_digitacao' LIMIT 1), NULL, false, false, NULL, NULL, 'manual', NULL, NULL, 10.054817, 20.109634, '2026-06-22 13:24:25.628824+00', '2026-06-22 13:24:25.628824+00', NULL, NULL),
  ('6e6dd020-1907-4e51-b9bb-133e0a00c10a', '41e67b04-df81-4ac6-8af9-0f0d8ce12640', (SELECT "id" FROM public."OrcamentoStatus" WHERE "codigo" = 'em_digitacao' LIMIT 1), NULL, false, false, NULL, NULL, 'manual', NULL, NULL, 3.8274035, 7.654807, '2026-06-23 16:30:01.875981+00', '2026-06-23 16:30:01.875981+00', NULL, NULL),
  ('2cc29635-613f-46ae-8756-154393846179', 'a064d401-7aa5-4777-a967-cb8da6915b36', (SELECT "id" FROM public."OrcamentoStatus" WHERE "codigo" = 'em_digitacao' LIMIT 1), NULL, false, false, NULL, NULL, 'manual', NULL, NULL, 54.1708925, 108.341785, '2026-06-23 16:54:39.500804+00', '2026-06-23 17:22:23.134283+00', NULL, NULL),
  ('59d0ba31-3fc3-49e1-9b7b-7c2a9fdc79c2', '45f242bb-3a58-4c65-a054-1bd314ab7e8d', (SELECT "id" FROM public."OrcamentoStatus" WHERE "codigo" = 'em_digitacao' LIMIT 1), NULL, false, false, NULL, NULL, 'manual', NULL, NULL, 1.275694, 2.551388, '2026-06-25 20:42:56.885616+00', '2026-06-25 20:42:56.885616+00', NULL, NULL),
  ('94fb83c7-150c-4bec-b4c9-5446cc47ce10', '45f242bb-3a58-4c65-a054-1bd314ab7e8d', (SELECT "id" FROM public."OrcamentoStatus" WHERE "codigo" = 'em_digitacao' LIMIT 1), NULL, false, false, NULL, NULL, 'manual', NULL, NULL, 1.07905525, 2.1581105, '2026-06-25 20:45:26.267487+00', '2026-06-25 20:45:26.267487+00', NULL, NULL),
  ('590c188a-20b5-4b9c-8912-def77f622ff5', '45f242bb-3a58-4c65-a054-1bd314ab7e8d', (SELECT "id" FROM public."OrcamentoStatus" WHERE "codigo" = 'em_digitacao' LIMIT 1), NULL, false, false, NULL, NULL, 'manual', NULL, NULL, 2.089927, 4.179854, '2026-06-25 20:47:22.486815+00', '2026-06-25 20:47:22.486815+00', NULL, NULL),
  ('be08b8c2-55ee-4acb-8b88-0fca3a5a76e7', '45f242bb-3a58-4c65-a054-1bd314ab7e8d', (SELECT "id" FROM public."OrcamentoStatus" WHERE "codigo" = 'em_digitacao' LIMIT 1), NULL, false, false, NULL, NULL, 'manual', NULL, NULL, 2.2329212500000004, 4.465842500000001, '2026-06-25 23:18:57.44773+00', '2026-06-25 23:18:57.44773+00', NULL, NULL),
  ('145dd9e8-5d1f-493a-b39e-5c5d60eeb02d', '45f242bb-3a58-4c65-a054-1bd314ab7e8d', (SELECT "id" FROM public."OrcamentoStatus" WHERE "codigo" = 'em_digitacao' LIMIT 1), NULL, false, false, NULL, NULL, 'manual', NULL, NULL, 1.572655, 3.14531, '2026-06-25 23:47:45.073281+00', '2026-06-25 23:47:45.073281+00', NULL, NULL),
  ('83c36ca4-d1e0-46df-a939-5abc08eb69f1', '45f242bb-3a58-4c65-a054-1bd314ab7e8d', (SELECT "id" FROM public."OrcamentoStatus" WHERE "codigo" = 'em_digitacao' LIMIT 1), NULL, false, false, NULL, NULL, 'manual', NULL, NULL, 1.348564, 2.697128, '2026-06-26 14:50:02.202624+00', '2026-06-26 14:50:02.202624+00', NULL, NULL),
  ('ff196703-c2ef-4130-998d-c11da1999130', '45f242bb-3a58-4c65-a054-1bd314ab7e8d', (SELECT "id" FROM public."OrcamentoStatus" WHERE "codigo" = 'em_digitacao' LIMIT 1), NULL, false, false, NULL, NULL, 'manual', NULL, NULL, 4.622899750000001, 9.245799500000002, '2026-06-26 16:03:59.21392+00', '2026-06-26 16:03:59.21392+00', NULL, NULL),
  ('b5ba4093-5559-4495-8765-dd3e6b15fc72', '45f242bb-3a58-4c65-a054-1bd314ab7e8d', (SELECT "id" FROM public."OrcamentoStatus" WHERE "codigo" = 'em_digitacao' LIMIT 1), NULL, false, false, NULL, NULL, 'manual', NULL, NULL, 3.0940262500000006, 6.188052500000001, '2026-06-26 16:05:54.350166+00', '2026-06-26 16:05:54.350166+00', NULL, NULL),
  ('0d1bd562-5588-41c4-9094-b785b1a1824b', '45f242bb-3a58-4c65-a054-1bd314ab7e8d', (SELECT "id" FROM public."OrcamentoStatus" WHERE "codigo" = 'em_digitacao' LIMIT 1), NULL, false, false, NULL, NULL, 'manual', NULL, NULL, 30.229935750000003, 54.413884350000004, '2026-06-26 23:09:58.483691+00', '2026-06-26 23:09:58.483691+00', NULL, NULL),
  ('17540d19-d623-450b-ab31-693ce7d4560b', '45f242bb-3a58-4c65-a054-1bd314ab7e8d', (SELECT "id" FROM public."OrcamentoStatus" WHERE "codigo" = 'em_digitacao' LIMIT 1), NULL, false, false, NULL, NULL, 'manual', NULL, NULL, 10.459470000000001, 20.918940000000003, '2026-06-28 18:06:48.453793+00', '2026-06-28 18:06:48.453793+00', NULL, NULL),
  ('c5f41337-8591-4ae5-8022-8f0ebf33c0a1', '45f242bb-3a58-4c65-a054-1bd314ab7e8d', (SELECT "id" FROM public."OrcamentoStatus" WHERE "codigo" = 'em_digitacao' LIMIT 1), NULL, false, false, NULL, NULL, 'manual', NULL, NULL, 1.9516455, 3.903291, '2026-06-28 22:00:36.587994+00', '2026-06-28 23:55:16.43096+00', NULL, NULL),
  ('c0be8d28-cb34-413c-9cfc-d94d1bafc304', '45f242bb-3a58-4c65-a054-1bd314ab7e8d', (SELECT "id" FROM public."OrcamentoStatus" WHERE "codigo" = 'em_digitacao' LIMIT 1), NULL, false, false, NULL, NULL, 'manual', NULL, NULL, 1.01058825, 2.0211765, '2026-06-29 02:21:25.892832+00', '2026-06-29 13:35:11.934602+00', NULL, NULL),
  ('d080451a-39d6-4683-bba8-c308d2ed39bd', '45f242bb-3a58-4c65-a054-1bd314ab7e8d', (SELECT "id" FROM public."OrcamentoStatus" WHERE "codigo" = 'em_digitacao' LIMIT 1), NULL, false, false, NULL, NULL, 'manual', NULL, NULL, 2.62110975, 5.2422195, '2026-06-29 13:37:56.0894+00', '2026-06-29 21:07:24.069851+00', NULL, NULL),
  ('3db540fa-8bc5-44e2-9d4c-c2d2eb49c6ae', '45f242bb-3a58-4c65-a054-1bd314ab7e8d', (SELECT "id" FROM public."OrcamentoStatus" WHERE "codigo" = 'em_digitacao' LIMIT 1), NULL, false, false, NULL, NULL, 'manual', NULL, NULL, 2.3341832499999997, 4.668366499999999, '2026-07-01 13:07:30.10045+00', '2026-07-01 15:17:05.810708+00', NULL, NULL),
  ('d08eecde-ba3f-46c3-b074-7e9d1877dbc9', 'e307b59c-0006-4097-9a29-3dc5eac0eba8', (SELECT "id" FROM public."OrcamentoStatus" WHERE "codigo" = 'em_digitacao' LIMIT 1), NULL, false, false, NULL, NULL, 'manual', NULL, NULL, 2.6044435, 5.208887, '2026-06-26 13:07:08.56392+00', '2026-07-01 18:41:29.529391+00', NULL, NULL)
ON CONFLICT ("id") DO NOTHING;

-- -----------------------------------------------------------------------------
-- 3. Itens do orçamento
--    Observação: "adicional" (embalagem+frete+acabamento+extra do orçamento
--    legado) é somado apenas no primeiro item de cada orçamento, para não
--    duplicar o custo quando o orçamento tinha mais de um item.
-- -----------------------------------------------------------------------------
INSERT INTO public."OrcamentoItem" (
  "id", "orcamentoId", "tipoItem", "aplicarMargem", "nomePeca", "tempoHoras", "tempoMinutos",
  "quantidade", "pesoTotalG", "observacoes", "materialId", "custoUnitario",
  "consumoKwh", "precoKwh", "valorMaquina", "vidaUtilHoras", "taxaFalha", "margemMultiplicador", "taxaMarketplace",
  "adicional", "desconto", "custoMaterial", "custoEnergia", "custoDepreciacao",
  "custoProducaoTotal", "custoAposFalha", "precoUnitario", "precoTotal", "precoVenda", "precoFinal",
  "lucroEfetivo", "margemEfetiva", "idExterno", "ordem", "criadoEm"
) VALUES
  ('742f4870-bd79-4172-bf38-1305baa9ea92', 'ce498929-410d-4c5e-aa5d-d050bd46f4aa', 'peca', true, 'Chav. Mandalorian', 1, 14, 1, 8.75, NULL, NULL, 0, 0.15, 0.85, 5499, 5000, 0.05, 2, 0, 0.7, 0, 0.875, 0.15725, 1.3564200000000002, 2.3886700000000003, 2.5081035000000003, 0, 0, 0, 0, 0, 0, NULL, 0, '2026-06-08 20:34:36.065651+00'),
  ('cf7be0f8-b1b7-4dae-a4af-5e852351023e', '758240d9-4ee0-4a42-bd81-5445b5d639d2', 'peca', true, 'suporte chaveiro minimalista', 1, 5, 1, 23.79, 'https://makerworld.com/pt/models/2371884-pocket-phone-stand-print-in-place?from=search#profileId-2595865', NULL, 0, 0.15, 0.85, 5499, 5000, 0.15, 2, 0, 0, 0, 2.379, 0.138125, 1.1914500000000001, 3.708575, 4.26486125, 0, 0, 0, 0, 0, 0, NULL, 0, '2026-06-08 22:08:26.743513+00'),
  ('4d40630d-db82-46f7-8ce9-7bf4880d178f', '4253d57e-7ca2-4452-bd61-b40b7c66e88c', 'peca', true, 'Chav. trevo 4 folhas', 0, 24, 1, 4.93, NULL, NULL, 0, 0.15, 0.85, 5499, 5000, 0.05, 2, 0, 0.7, 0, 0.493, 0.051000000000000004, 0.4399200000000001, 0.9839200000000001, 1.0331160000000001, 0, 0, 0, 0, 0, 0, NULL, 0, '2026-06-09 12:26:17.974951+00'),
  ('399b833c-15c2-4dc8-a1ff-873a586c2284', '63fa501b-1f9c-4701-b056-35c4d21c74d9', 'peca', true, 'Chav. fidget Emoji', 1, 31, 1, 24.82, NULL, NULL, 0, 0.15, 0.85, 5499, 5000, 0.05, 2, 0, 0.7, 0, 2.482, 0.193375, 1.6680300000000001, 4.343405000000001, 4.560575250000001, 0, 0, 0, 0, 0, 0, NULL, 0, '2026-06-10 11:34:04.869472+00'),
  ('2f65a599-a1fe-4f3e-ab52-48b5e4d6dfeb', '331541da-1d62-40a0-93c0-7677bd0960b2', 'peca', true, 'chaveiro', 10, 0, 2, 32.2, NULL, NULL, 0, 0.15, 0.85, 5499, 5000, 0.15, 2, 0, 0, 0, 7.728000000000001, 2.55, 21.996000000000002, 32.274, 37.1151, 0, 0, 0, 0, 0, 0, NULL, 0, '2026-05-28 20:38:59.470406+00'),
  ('ac6cfa41-3b98-487f-92d8-4f8919754dbf', '331541da-1d62-40a0-93c0-7677bd0960b2', 'peca', true, 'Paquimetro', 2, 30, 1, 53.79, NULL, NULL, 0, 0.15, 0.85, 5499, 5000, 0.15, 2, 0, 0, 0, 5.379, 0.31875, 2.7495000000000003, 8.44725, 9.7143375, 0, 0, 0, 0, 0, 0, NULL, 1, '2026-05-28 22:09:44.852544+00'),
  ('c3c52b7b-6246-4e91-8cf7-9b17c016ac4c', '8079bb7f-d172-4156-9b39-bb1078424120', 'peca', true, 'Chav. cabeça creeper Minecraft', 0, 31, 1, 3.31, NULL, NULL, 0, 0.15, 0.85, 5499, 5000, 0.05, 2, 0, 0.6, 0, 0.331, 0.065875, 0.5682300000000001, 0.9651050000000001, 1.01336025, 0, 0, 0, 0, 0, 0, NULL, 0, '2026-06-03 22:20:50.041659+00'),
  ('f14e2483-bf89-41a8-8609-d103ecc4aff7', '7828e77b-506e-4b3e-941f-5bdf7d330824', 'peca', true, 'Suporte giratório para chaveiro', 6, 14, 1, 122.67, NULL, NULL, 0, 0.15, 0.85, 5499, 5000, 0.15, 2, 0, 0, 0, 12.267000000000001, 0.7947500000000001, 6.8554200000000005, 19.917170000000002, 22.9047455, 0, 0, 0, 0, 0, 0, NULL, 0, '2026-06-03 16:49:14.400038+00'),
  ('b7b1fbbd-d56e-4b36-bb95-4d29fec01412', '7c45c9bc-90d7-4f09-90ae-f06fe8ac462d', 'peca', true, 'Chav. Fidget Cruz', 1, 47, 1, 14.21, NULL, NULL, 0, 0.15, 0.85, 5499, 5000, 0.05, 2, 0, 0.7, 0, 1.4210000000000003, 0.227375, 1.96131, 3.6096850000000003, 3.7901692500000004, 0, 0, 0, 0, 0, 0, NULL, 0, '2026-06-10 15:18:48.759771+00'),
  ('132debb3-d80e-4492-99fc-4b10916e545d', '15004ee6-8bc2-4b0a-ba00-c47bd981763b', 'peca', true, 'Chav. Capivara articulada', 1, 48, 1, 21.96, NULL, NULL, 0, 0.15, 0.85, 5499, 5000, 0.05, 2, 0, 0.6, 0, 2.196, 0.2295, 1.9796400000000003, 4.40514, 4.625397, 0, 0, 0, 0, 0, 0, NULL, 0, '2026-06-03 22:31:31.870585+00'),
  ('e8273a42-2506-4db5-8460-b630ab7fad2f', '7f2d0e22-75c2-485f-9e3b-4f46f5b51323', 'peca', true, 'Chav. fidget hexagono', 0, 23, 1, 7.07, NULL, NULL, 0, 0.15, 0.85, 5499, 5000, 0.05, 2, 0, 0.7, 0, 0.7070000000000001, 0.048875, 0.4215900000000001, 1.1774650000000002, 1.2363382500000002, 0, 0, 0, 0, 0, 0, NULL, 0, '2026-06-10 11:53:49.486183+00'),
  ('a2987dff-993a-4705-b4fd-085acaab2f43', 'e245bff5-9f1a-4012-af50-3991eb9e2c10', 'peca', true, 'Chav. Camaleão flex', 0, 29, 1, 3.58, NULL, NULL, 0, 0.15, 0.85, 5499, 5000, 0.05, 2, 0, 0.7, 0, 0.35800000000000004, 0.061625, 0.5315700000000001, 0.9511950000000001, 0.9987547500000001, 0, 0, 0, 0, 0, 0, NULL, 0, '2026-06-06 20:27:20.769903+00'),
  ('ea3e496b-5333-4878-b192-a65327bfe330', '023379bc-04d6-42d3-b912-69f4bef3ead7', 'peca', true, 'Chav. polvinho zoiudinho', 1, 3, 1, 9.23, NULL, NULL, 0, 0.15, 0.85, 5499, 5000, 0.05, 2, 0, 0.7, 0, 0.923, 0.13387500000000002, 1.1547900000000002, 2.211665, 2.32224825, 0, 0, 0, 0, 0, 0, NULL, 0, '2026-06-06 20:32:51.518324+00'),
  ('0b2b92b6-512d-4793-ad4c-3716b7dfc0b3', '0e58f0cb-dc6a-4dcc-83d0-40837e5bbb98', 'peca', true, 'Chav. estrela do mar flex', 0, 27, 1, 3.75, NULL, NULL, 0, 0.15, 0.85, 5499, 5000, 0.05, 2, 0, 0.7, 0, 0.375, 0.057375, 0.49491000000000007, 0.9272850000000001, 0.9736492500000001, 0, 0, 0, 0, 0, 0, NULL, 0, '2026-06-06 20:36:29.06336+00'),
  ('8c1487fb-913e-4dc3-ba11-68e3dcaba8d1', 'adac65b2-72f1-405d-b44d-823ba91e89e9', 'peca', true, 'Chav. Raposa tricotada', 1, 23, 1, 11.77, NULL, NULL, 0, 0.15, 0.85, 5499, 5000, 0.05, 2, 0, 0.7, 0, 1.177, 0.176375, 1.52139, 2.874765, 3.01850325, 0, 0, 0, 0, 0, 0, NULL, 0, '2026-06-06 20:40:31.75452+00'),
  ('1cbc5b78-c769-45f8-aa1e-0f0c4f3b4f6d', '25c67435-b50b-4a24-baff-0ab60da94a51', 'peca', true, 'Protetor cabo celular Margarida', 0, 26, 1, 6.93, NULL, NULL, 0, 0.15, 0.85, 5499, 5000, 0.05, 2, 0, 0.7, 0, 0.6930000000000001, 0.05525, 0.47658000000000006, 1.22483, 1.2860715, 0, 0, 0, 0, 0, 0, NULL, 0, '2026-06-06 20:35:28.448142+00'),
  ('70ad18aa-2f19-4335-8358-73b997ffb12e', '8fdea40a-48b0-44f5-9498-17f99acd3d6c', 'peca', true, 'Caixinha coração coreano', 3, 20, 1, 50.08, NULL, NULL, 0, 0.15, 0.85, 5499, 5000, 0.05, 2, 0, 0, 0, 5.008, 0.42500000000000004, 3.6660000000000004, 9.099, 9.55395, 0, 0, 0, 0, 0, 0, NULL, 0, '2026-06-06 20:57:37.39248+00'),
  ('d08daf57-ea55-4b6c-be40-e08aeea16fc3', '3aa7a335-31b7-4f7f-b29d-8a5150e6c8db', 'peca', true, 'Chav. esqueleto de moletom', 1, 13, 1, 10.24, NULL, NULL, 0, 0.15, 0.85, 5499, 5000, 0.05, 2, 0, 0.7, 0, 1.024, 0.155125, 1.3380900000000002, 2.517215, 2.6430757500000004, 0, 0, 0, 0, 0, 0, NULL, 0, '2026-06-06 21:01:17.122275+00'),
  ('12b91214-be83-47ad-9b20-4cd932e12ea6', 'f77619ae-fd7f-425a-b01e-422ff8e8d4c9', 'peca', true, 'Chav. elefante origami', 0, 49, 1, 11.04, 'Configuração padrão', NULL, 0, 0.15, 0.85, 5499, 5000, 0.05, 2, 0, 0.7, 0, 1.1039999999999999, 0.104125, 0.89817, 2.106295, 2.21160975, 0, 0, 0, 0, 0, 0, NULL, 0, '2026-06-06 21:05:36.877509+00'),
  ('2b386cea-395c-47eb-be8d-7a7fa9ef6903', 'a3a43911-ea68-4d42-abaa-e49ed98399de', 'peca', true, 'Protetor de cabo Xiaomi', 0, 45, 1, 5.79, NULL, NULL, 0, 0.15, 0.85, 5499, 5000, 0.05, 2, 0, 0, 0, 0.5790000000000001, 0.095625, 0.8248500000000001, 1.4994750000000001, 1.5744487500000002, 0, 0, 0, 0, 0, 0, NULL, 0, '2026-06-06 21:09:16.056238+00'),
  ('d7728318-a9c7-43b0-8baa-149e6d4b173f', 'aaf0d0c9-82d9-42c3-8bd8-13391b18b36e', 'peca', true, 'Protetor de cabo personalizavel', 0, 21, 1, 4.84, NULL, NULL, 0, 0.15, 0.85, 5499, 5000, 0.05, 2, 0, 0, 0, 0.484, 0.044625, 0.38493, 0.913555, 0.9592327500000001, 0, 0, 0, 0, 0, 0, NULL, 0, '2026-06-06 21:12:25.018849+00'),
  ('23ae6fe3-eee8-4a2d-ae73-1b2bc3d20fca', '11305235-bea7-4ffc-8364-8ee254b33cfd', 'peca', true, 'Chav. filhote salsicha', 0, 34, 1, 8.31, 'Tamanho: 30,21; 54,33 e 38,07mm', NULL, 0, 0.15, 0.85, 5499, 5000, 0.05, 2, 0, 0.7, 0, 0.8310000000000001, 0.07225, 0.62322, 1.5264700000000002, 1.6027935000000002, 0, 0, 0, 0, 0, 0, NULL, 0, '2026-06-06 21:35:55.11484+00'),
  ('066195ca-1bed-4221-a0c7-07b8b40024f8', '7862bf66-876e-494c-9b08-54592ad81b4a', 'peca', true, 'Chav. abridor de lata Monster - latinha', 0, 35, 1, 10.66, NULL, NULL, 0, 0.15, 0.85, 5499, 5000, 0.05, 2, 0, 0.7, 0, 1.066, 0.07437500000000001, 0.6415500000000001, 1.7819250000000002, 1.8710212500000003, 0, 0, 0, 0, 0, 0, NULL, 0, '2026-06-07 17:42:04.935901+00'),
  ('4d00d163-32d0-4125-a95e-b6b45da70133', '7b0e3954-94fd-4e7c-be6e-f04bb04adafa', 'peca', true, 'Chav.abridor de lata Monster - Letra M', 0, 25, 1, 6.4, NULL, NULL, 0, 0.15, 0.85, 5499, 5000, 0.05, 2, 0, 0.7, 0, 0.6400000000000001, 0.053125000000000006, 0.45825000000000005, 1.1513750000000003, 1.2089437500000004, 0, 0, 0, 0, 0, 0, NULL, 0, '2026-06-07 17:42:56.446164+00'),
  ('f107f366-0e5d-4198-b964-61d020a19fb3', 'ac993fbf-f256-474d-a4b1-b293af1a4071', 'peca', true, 'Chav. abridor de lata Snoopy', 0, 33, 1, 8.5, NULL, NULL, 0, 0.15, 0.85, 5499, 5000, 0.05, 2, 0, 0.7, 0, 0.8500000000000001, 0.070125, 0.6048900000000001, 1.5250150000000002, 1.6012657500000003, 0, 0, 0, 0, 0, 0, NULL, 0, '2026-06-07 17:49:07.671978+00'),
  ('b588499f-afd2-448f-8806-222a55864f3c', 'd555e702-110a-4379-a664-a4a05ad15b58', 'peca', true, 'Escultura dragão GOT', 9, 23, 1, 169.09, NULL, NULL, 0, 0.15, 0.85, 5499, 5000, 0.15, 2, 0, 0, 0, 16.909000000000002, 1.196375, 10.319790000000001, 28.425165000000003, 32.68893975, 0, 0, 0, 0, 0, 0, NULL, 0, '2026-06-07 20:38:49.969778+00'),
  ('c7cd7335-a42c-4ea6-83a8-a8827152511f', '0cf47fe5-a68a-4a6a-9eaf-4d5c29bb185e', 'peca', true, 'Chav. Cabeça cavalo', 0, 46, 1, 4.86, NULL, NULL, 0, 0.15, 0.85, 5499, 5000, 0.05, 2, 0, 0.7, 0, 0.48600000000000004, 0.09775, 0.8431800000000002, 1.42693, 1.4982765, 0, 0, 0, 0, 0, 0, NULL, 0, '2026-06-08 20:29:26.450732+00'),
  ('e078fc90-4f16-430c-9f9a-6c681b294e89', '528fc824-f378-4951-a885-21bd767fec49', 'peca', true, 'Chav. fidget Roda', 2, 1, 1, 15.06, NULL, NULL, 0, 0.15, 0.85, 5499, 5000, 0.05, 2, 0, 0.7, 0, 1.5060000000000002, 0.257125, 2.21793, 3.9810550000000005, 4.18010775, 0, 0, 0, 0, 0, 0, NULL, 0, '2026-06-10 15:21:19.63282+00'),
  ('b3975e7d-17d4-4647-8094-bd9c998eef47', 'c3799cba-37f7-487d-9cd4-84104c4935aa', 'peca', true, 'Chav. Fidget Patinha animal', 1, 53, 1, 14.57, NULL, NULL, 0, 0.15, 0.85, 5499, 5000, 0.05, 2, 0, 0.7, 0, 1.457, 0.240125, 2.0712900000000003, 3.768415, 3.95683575, 0, 0, 0, 0, 0, 0, NULL, 0, '2026-06-10 20:24:35.540739+00'),
  ('489e4451-7867-452f-8a84-ff9a5345d45f', '899e2997-1b1a-4338-9d97-37a283344a00', 'peca', true, 'Porta copos tema pesca (1pça)', 0, 48, 1, 24.5, NULL, NULL, 0, 0.15, 0.85, 5499, 5000, 0.05, 2, 0, 1.18, 0, 2.8859056, 0.10200000000000001, 0.8798400000000002, 3.8677456, 4.061132880000001, 0, 0, 0, 0, 0, 0, NULL, 0, '2026-06-13 18:55:17.026428+00'),
  ('34608181-a5bb-4682-81a5-c570b07d74ae', '9bc3d1a3-300c-41d4-b178-a5550e1c2e2d', 'peca', true, 'Base porta copo tema pesca', 1, 15, 1, 38.21, NULL, NULL, 0, 0.15, 0.85, 5499, 5000, 0.05, 2, 0, 1.18, 0, 4.5760296, 0.159375, 1.3747500000000001, 6.1101545999999995, 6.41566233, 0, 0, 0, 0, 0, 0, NULL, 0, '2026-06-13 19:22:01.849483+00'),
  ('586f8e07-a11c-4d6c-8d6a-92dff54cb2ca', 'a65130ae-3301-4b72-b198-5ca413cbfcf6', 'peca', true, 'Chav. apito Brasil', 0, 42, 1, 11.25, NULL, NULL, 0, 0.15, 0.85, 5499, 5000, 0.05, 2, 0, 0.7, 0, 1.2504760000000001, 0.08925, 0.76986, 2.109586, 2.2150653000000005, 0, 0, 0, 0, 0, 0, NULL, 0, '2026-06-13 21:17:53.639936+00'),
  ('605515a3-4a4a-450c-8a91-84e67539282a', '43282b0c-8555-4258-836c-0e90fd5e8f3f', 'peca', true, 'Chav. Nossa Senhora imagem', 1, 32, 1, 8.51, NULL, NULL, 0, 0.15, 0.85, 5499, 5000, 0.05, 2, 0, 0.7, 0, 0.9729192, 0.19549999999999998, 1.68636, 2.8547792000000003, 2.9975181600000003, 0, 0, 0, 0, 0, 0, NULL, 0, '2026-06-13 23:27:23.867137+00'),
  ('eac7df9b-2c51-439f-b47b-4ce6d79ba0a0', '165fa3cf-029b-4d9f-9239-954b5610d9e9', 'peca', true, 'Porta batom florzinha', 2, 0, 1, 25.13, NULL, NULL, 0, 0.15, 0.85, 5499, 5000, 0.05, 2, 0, 0.7, 0, 2.513, 0.255, 2.1996, 4.9676, 5.21598, 0, 0, 0, 0, 0, 0, NULL, 0, '2026-06-15 16:18:49.191245+00'),
  ('ccfced22-2e6c-4d54-95d2-9bfc889b7c77', '692aa11f-31df-4ca4-b9f2-a5738777c616', 'peca', true, 'Porta batom florzinha 2 - dia das mães', 1, 59, 1, 21.22, NULL, NULL, 0, 0.15, 0.85, 5499, 5000, 0.05, 2, 0, 0.7, 0, 2.122, 0.252875, 2.1812700000000005, 4.556145000000001, 4.783952250000001, 0, 0, 0, 0, 0, 0, NULL, 0, '2026-06-15 22:47:06.623338+00'),
  ('7111141a-27bb-4cf9-8a3c-14577de1c963', '5b7d2343-1f19-4ad8-81e9-ba870ac241a2', 'peca', true, 'Caixinha flexivel embalagem', 0, 40, 1, 18.57, NULL, NULL, 0, 0.15, 0.85, 5499, 5000, 0.05, 2, 0, 0, 0, 1.8570000000000002, 0.08499999999999999, 0.7332000000000001, 2.6752000000000002, 2.8089600000000003, 0, 0, 0, 0, 0, 0, NULL, 0, '2026-06-17 12:53:15.846549+00'),
  ('d7b99dfe-8094-4ceb-bc03-4c20aa7c0b2f', '28dd7096-a33f-410b-8688-ef466150c643', 'peca', true, 'Suporte para porta retrato', 0, 45, 1, 12.83, 'Tamanho: 140,98 x 110,28 x 3,78mm', NULL, 0, 0.15, 0.85, 5499, 5000, 0.05, 2, 0, 0, 0, 1.5395999999999999, 0.095625, 0.8248500000000001, 2.460075, 2.58307875, 0, 0, 0, 0, 0, 0, NULL, 0, '2026-06-17 17:04:05.72234+00'),
  ('8d7103ed-641c-48d2-b499-e145413cd9e6', 'fbb3a446-7f99-4f7d-a9f0-70ac8e5513d1', 'peca', true, 'Suporte para cacho de banana', 2, 4, 2, 67, NULL, NULL, 0, 0.15, 0.85, 5499, 5000, 0.05, 2, 0, 1.18, 0, 16.08, 0.527, 4.545840000000001, 21.15284, 22.210482000000003, 0, 0, 0, 0, 0, 0, NULL, 0, '2026-06-18 15:03:04.041211+00'),
  ('1b3c7ec4-eba9-40ea-a50b-c252a533e009', '331abc25-b17f-4b3d-89ee-a95f9e09b276', 'peca', true, 'Potinho porta remédio - bag charm', 0, 58, 1, 18.13, NULL, NULL, 0, 0.15, 0.85, 5499, 5000, 0.05, 2, 0, 1.88, 0, 2.1755999999999998, 0.12325, 1.0631400000000002, 3.36199, 3.5300895000000003, 0, 0, 0, 0, 0, 0, NULL, 0, '2026-06-20 21:19:51.60064+00'),
  ('a9dbbdc2-ed11-48e7-8960-ef8d2f09be17', '18c71675-554d-4dc1-bec1-a6ad972c39a7', 'peca', true, 'Aromatizador para carro', 2, 7, 1, 23.61, NULL, NULL, 0, 0.15, 0.85, 5499, 5000, 0.05, 2, 0, 1.88, 0, 2.8331999999999997, 0.26987500000000003, 2.32791, 5.430985, 5.70253425, 0, 0, 0, 0, 0, 0, NULL, 0, '2026-06-20 21:22:28.183869+00'),
  ('fc51b1fa-1d65-4188-a633-2c6b6001803e', '042f57b2-b540-422d-b9e1-c09b61e890d8', 'peca', true, 'Porta whey', 1, 48, 1, 46.47, NULL, NULL, 0, 0.15, 0.85, 5499, 5000, 0.05, 2, 0, 1.88, 0, 5.5764, 0.2295, 1.9796400000000003, 7.785539999999999, 8.174817, 0, 0, 0, 0, 0, 0, NULL, 0, '2026-06-22 13:24:26.377906+00'),
  ('ea6e92c8-1a34-4fe9-8652-70b928ca9dfc', '6e6dd020-1907-4e51-b9bb-133e0a00c10a', 'peca', true, 'Chav. Anilha grande', 0, 34, 1, 9.66, NULL, NULL, 0, 0.15, 0.85, 5499, 5000, 0.05, 2, 0, 1.88, 0, 1.1592, 0.07225, 0.62322, 1.85467, 1.9474035, 0, 0, 0, 0, 0, 0, NULL, 0, '2026-06-23 16:30:02.176342+00'),
  ('40e052f1-7071-4346-ae16-3c698068c1cc', '2cc29635-613f-46ae-8756-154393846179', 'peca', true, 'Porta absorvente', 3, 48, 1, 128.96, NULL, NULL, 0, 0.15, 0.85, 5499, 5000, 0.05, 2, 0, 1.88, 0, 15.475200000000001, 0.4845, 4.17924, 20.13894, 21.145887000000002, 0, 0, 0, 0, 0, 0, NULL, 0, '2026-06-23 16:54:39.829421+00'),
  ('0319ba04-c71b-4587-8c88-837b8e1a3da8', '2cc29635-613f-46ae-8756-154393846179', 'peca', true, 'Porta band aid', 3, 20, 1, 48.19, NULL, NULL, 0, 0.15, 0.85, 5499, 5000, 0.05, 2, 0, 0, 0, 5.7828, 0.42500000000000004, 3.6660000000000004, 9.8738, 10.36749, 0, 0, 0, 0, 0, 0, NULL, 1, '2026-06-23 17:10:41.550333+00'),
  ('72bf701e-5fa6-4f3d-be18-076baf975fda', '2cc29635-613f-46ae-8756-154393846179', 'peca', true, 'Porta aliança academia', 0, 34, 1, 10.04, NULL, NULL, 0, 0.15, 0.85, 5499, 5000, 0.05, 2, 0, 0, 0, 1.2047999999999999, 0.07225, 0.62322, 1.90027, 1.9952835, 0, 0, 0, 0, 0, 0, NULL, 2, '2026-06-23 17:10:42.48075+00'),
  ('71bfaaa1-651c-401b-a8f2-507fa1157fa2', '2cc29635-613f-46ae-8756-154393846179', 'peca', true, 'porta tempero', 3, 28, 1, 113.61, NULL, NULL, 0, 0.15, 0.85, 5499, 5000, 0.05, 2, 0, 0, 0, 13.633199999999999, 0.442, 3.8126400000000005, 17.88784, 18.782232, 0, 0, 0, 0, 0, 0, NULL, 3, '2026-06-23 17:22:25.766968+00'),
  ('f015e007-5df2-494c-9cab-2f9e10c82a3b', '59d0ba31-3fc3-49e1-9b7b-7c2a9fdc79c2', 'peca', true, 'Chav.Nossa Senhora de Fátima', 0, 16, 1, 2.21, NULL, NULL, 0, 0.15, 0.85, 5499, 5000, 0.05, 2, 0, 0.7, 0, 0.221, 0.034, 0.29328000000000004, 0.5482800000000001, 0.5756940000000002, 0, 0, 0, 0, 0, 0, NULL, 0, '2026-06-25 20:42:57.571886+00'),
  ('d312825f-3515-4682-801c-81e3d9e57e53', '94fb83c7-150c-4bec-b4c9-5446cc47ce10', 'peca', true, 'Chav. Anjinho', 0, 11, 1, 1.36, NULL, NULL, 0, 0.15, 0.85, 5499, 5000, 0.05, 2, 0, 0.7, 0, 0.136, 0.023375, 0.20163, 0.361005, 0.37905525, 0, 0, 0, 0, 0, 0, NULL, 0, '2026-06-25 20:45:27.003468+00'),
  ('686c7595-dbcc-4920-9bf7-acefe844de52', '590c188a-20b5-4b9c-8912-def77f622ff5', 'peca', true, 'Chav. biblia', 0, 28, 1, 7.51, NULL, NULL, 0, 0.15, 0.85, 5499, 5000, 0.05, 2, 0, 0.7, 0, 0.751, 0.059500000000000004, 0.51324, 1.32374, 1.389927, 0, 0, 0, 0, 0, 0, NULL, 0, '2026-06-25 20:47:22.735698+00'),
  ('6e5ce16a-2642-4c7c-9759-3f95cd663620', 'be08b8c2-55ee-4acb-8b88-0fca3a5a76e7', 'peca', true, 'Chav. cruz + coração', 0, 35, 1, 7.44, NULL, NULL, 0, 0.15, 0.85, 5499, 5000, 0.05, 2, 0, 0.7, 0, 0.7440000000000001, 0.07437500000000001, 0.6415500000000001, 1.4599250000000001, 1.5329212500000002, 0, 0, 0, 0, 0, 0, NULL, 0, '2026-06-25 23:18:57.744761+00'),
  ('21636b97-fb9c-4e70-b60a-efb9c24993bf', '145dd9e8-5d1f-493a-b39e-5c5d60eeb02d', 'peca', true, 'Chav. cruz + coração 2', 0, 20, 1, 4.22, NULL, NULL, 0, 0.15, 0.85, 5499, 5000, 0.05, 2, 0, 0.7, 0, 0.422, 0.042499999999999996, 0.36660000000000004, 0.8311, 0.872655, 0, 0, 0, 0, 0, 0, NULL, 0, '2026-06-25 23:47:45.344981+00'),
  ('e105ddaa-bea2-43a6-93c6-8128464a4595', '83c36ca4-d1e0-46df-a939-5abc08eb69f1', 'peca', true, 'Chav. cruz espirito santo', 0, 16, 1, 2.42, NULL, NULL, 0, 0.15, 0.85, 5499, 5000, 0.05, 2, 0, 0.7, 0, 0.2904, 0.034, 0.29328000000000004, 0.61768, 0.648564, 0, 0, 0, 0, 0, 0, NULL, 0, '2026-06-26 14:50:02.510161+00'),
  ('6f8d3120-3545-439e-8b5b-b1e185c6405e', 'ff196703-c2ef-4130-998d-c11da1999130', 'peca', true, 'Chav. ore e confie', 1, 29, 1, 16.84, NULL, NULL, 0, 0.15, 0.85, 5499, 5000, 0.05, 2, 0, 0.7, 0, 1.9156, 0.18912500000000002, 1.6313700000000002, 3.7360950000000006, 3.922899750000001, 0, 0, 0, 0, 0, 0, NULL, 0, '2026-06-26 16:04:00.853258+00'),
  ('54ee4cbf-6a4f-45a4-8e3a-180a1e227bca', 'b5ba4093-5559-4495-8765-dd3e6b15fc72', 'peca', true, 'Chav. medalha nossa senhora', 0, 55, 1, 11.55, NULL, NULL, 0, 0.15, 0.85, 5499, 5000, 0.05, 2, 0, 0.7, 0, 1.155, 0.11687499999999999, 1.00815, 2.280025, 2.3940262500000005, 0, 0, 0, 0, 0, 0, NULL, 0, '2026-06-26 16:05:55.383281+00'),
  ('3ccdd7fd-47ed-4fe1-bc70-5a30bcfc46c4', '0d1bd562-5588-41c4-9094-b785b1a1824b', 'peca', true, 'Porta papel toalha - palha indiana', 11, 53, 1, 142.06, NULL, NULL, 0, 0.15, 0.85, 5499, 5000, 0.05, 1.8, 0, 0, 0, 14.206000000000001, 1.515125, 13.06929, 28.790415000000003, 30.229935750000003, 0, 0, 0, 0, 0, 0, NULL, 0, '2026-06-26 23:09:58.788355+00'),
  ('d42c3a88-b660-49d6-bbbd-1dbc090e4146', '17540d19-d623-450b-ab31-693ce7d4560b', 'peca', true, 'Brinquedo raposa flexivel', 3, 20, 1, 48.92, 'com ams', NULL, 0, 0.15, 0.85, 5499, 5000, 0.05, 2, 0, 0, 0, 5.8704, 0.42500000000000004, 3.6660000000000004, 9.961400000000001, 10.459470000000001, 0, 0, 0, 0, 0, 0, NULL, 0, '2026-06-28 18:06:48.78729+00'),
  ('9567fc67-b44b-468f-87ec-a466bc9b44f2', 'c5f41337-8591-4ae5-8022-8f0ebf33c0a1', 'peca', true, 'Brinquedo corujinha flexivel', 0, 42, 1, 8.33, NULL, NULL, 0, 0.15, 0.85, 5499, 5000, 0.05, 2, 0, 0, 0, 0.9995999999999999, 0.08925, 0.76986, 1.8587099999999999, 1.9516455, 0, 0, 0, 0, 0, 0, NULL, 0, '2026-06-28 22:00:36.927221+00'),
  ('7386eb2a-00b5-44c9-b670-b60e5d1dcd6b', 'c0be8d28-cb34-413c-9cfc-d94d1bafc304', 'peca', true, 'Brinquedo sapo flexivel', 0, 23, 1, 4.1, 'Imprimir com Y tam.42', NULL, 0, 0.15, 0.85, 5499, 5000, 0.05, 2, 0, 0, 0, 0.49199999999999994, 0.048875, 0.4215900000000001, 0.9624650000000001, 1.01058825, 0, 0, 0, 0, 0, 0, NULL, 0, '2026-06-29 02:21:26.183484+00'),
  ('0b6cd483-50bd-425f-a2fe-65ef4c26af76', 'd080451a-39d6-4683-bba8-c308d2ed39bd', 'peca', true, 'Brinquedo cobra flexivel', 0, 49, 1, 12.45, 'Imprimir com Y tam. 60mm', NULL, 0, 0.15, 0.85, 5499, 5000, 0.05, 2, 0, 0, 0, 1.4939999999999998, 0.104125, 0.89817, 2.496295, 2.62110975, 0, 0, 0, 0, 0, 0, NULL, 0, '2026-06-29 13:37:56.408747+00'),
  ('85ff31db-9e43-46eb-a394-2554956232a7', '3db540fa-8bc5-44e2-9d4c-c2d2eb49c6ae', 'peca', true, 'Chav. kimono jiu', 0, 43, 1, 5.64, NULL, NULL, 0, 0.15, 0.85, 5499, 5000, 0.05, 2, 0, 0.7, 0, 0.6768, 0.091375, 0.7881900000000001, 1.556365, 1.63418325, 0, 0, 0, 0, 0, 0, NULL, 0, '2026-07-01 13:07:30.408408+00'),
  ('61b2f9a0-6d97-45e5-b0be-76d6f679cc69', 'd08eecde-ba3f-46c3-b074-7e9d1877dbc9', 'peca', true, 'Chav. porta aliança kettlebell', 0, 34, 1, 10.04, NULL, NULL, 0, 0.15, 0.85, 5499, 5000, 0.05, 2, 0, 0.82, 0, 1.004, 0.07225, 0.62322, 1.6994699999999998, 1.7844434999999998, 0, 0, 0, 0, 0, 0, NULL, 0, '2026-06-26 13:07:09.339153+00')
ON CONFLICT ("id") DO NOTHING;

-- -----------------------------------------------------------------------------
-- 4. Composição dos itens (filamentos) — referencia os materiais do PASSO 1
-- -----------------------------------------------------------------------------
INSERT INTO public."OrcamentoItemComposicao" (
  "id", "itemOrcamentoId", "materialId", "categoria", "descricao", "tipo", "cor",
  "quantidade", "unidadeMedida", "custoUnitario", "custoTotal", "pesoG", "ordem"
) VALUES
  ('69a2a3cb-b765-4569-8944-d3cee1f55166', '742f4870-bd79-4172-bf38-1305baa9ea92', 'f58e63a3-91f1-41c8-a3fe-09da52784351', 'filamento', 'PLA (legado)', 'PLA', NULL, 8.75, 'gr', 0.1, 0.875, 8.75, 0),
  ('898c1c01-489a-495f-b570-24ce756f7a3e', 'cf7be0f8-b1b7-4dae-a4af-5e852351023e', 'cc7019d3-5272-47d4-8ce8-c7f5d75576e6', 'filamento', 'PLA PRETO', 'PLA', 'preto', 23.79, 'gr', 0.1, 2.379, 23.79, 0),
  ('595e262b-4b78-43c5-9646-006a30e539db', '4d40630d-db82-46f7-8ce9-7bf4880d178f', 'eaffff53-749e-4647-a935-4dbf92b1712c', 'filamento', 'PLA TRICOLOR - VERDE, DOURADO E PINK', 'PLA', 'verde', 4.93, 'gr', 0.1, 0.493, 4.93, 0),
  ('725fbaf7-a9f2-4cc0-b0d4-0015950615b1', '399b833c-15c2-4dc8-a1ff-873a586c2284', 'f58e63a3-91f1-41c8-a3fe-09da52784351', 'filamento', 'PLA (legado)', 'PLA', NULL, 24.82, 'gr', 0.1, 2.482, 24.82, 0),
  ('3f2a4ced-20d4-4ed0-9851-23f55623170b', '2f65a599-a1fe-4f3e-ab52-48b5e4d6dfeb', '9a1b606e-0ef9-49a2-b5f4-7b89d60fab44', 'filamento', 'PLA AZUL - SUNLU', 'PLA', 'azul', 32.2, 'gr', 0.12, 3.8640000000000003, 32.2, 0),
  ('768763f8-5516-4743-aa0f-b1b4e929060e', 'ac6cfa41-3b98-487f-92d8-4f8919754dbf', '4cc56271-544d-444f-b9e0-f2e2b688032d', 'filamento', 'PLA BRANCO', 'PLA', 'branco', 47.55, 'gr', 0.1, 4.755, 47.55, 0),
  ('98a784ab-abab-41f5-aa76-8660add61d85', 'ac6cfa41-3b98-487f-92d8-4f8919754dbf', 'eaffff53-749e-4647-a935-4dbf92b1712c', 'filamento', 'PLA TRICOLOR - VERDE, DOURADO E PINK', 'PLA', 'verde', 6.24, 'gr', 0.1, 0.6240000000000001, 6.24, 1),
  ('1a3b97d9-ae0a-484f-a7cd-60be4b5b40be', 'c3c52b7b-6246-4e91-8cf7-9b17c016ac4c', 'eaffff53-749e-4647-a935-4dbf92b1712c', 'filamento', 'PLA TRICOLOR - VERDE, DOURADO E PINK', 'PLA', 'verde', 3.17, 'gr', 0.1, 0.317, 3.17, 0),
  ('6d1367bd-ca59-493b-a6ac-b32c5008a0ef', 'c3c52b7b-6246-4e91-8cf7-9b17c016ac4c', 'cc7019d3-5272-47d4-8ce8-c7f5d75576e6', 'filamento', 'PLA PRETO', 'PLA', 'preto', 0.14, 'gr', 0.1, 0.014000000000000002, 0.14, 1),
  ('9e7fda60-b4ba-4992-8e85-553cb8fe019e', 'f14e2483-bf89-41a8-8609-d103ecc4aff7', 'bae17759-90e6-4337-a00c-09d3d45398e0', 'filamento', 'PETG CINZA', 'PETG', 'cinza', 122.67, 'gr', 0.1, 12.267000000000001, 122.67, 0),
  ('0a0f9564-85ec-4d41-9b9c-0193be867ddd', 'b7b1fbbd-d56e-4b36-bb95-4d29fec01412', 'f58e63a3-91f1-41c8-a3fe-09da52784351', 'filamento', 'PLA (legado)', 'PLA', NULL, 14.21, 'gr', 0.1, 1.4210000000000003, 14.21, 0),
  ('83cd0312-c34d-42f3-9e85-4a8562c7cdf1', '132debb3-d80e-4492-99fc-4b10916e545d', '4d9de601-c188-4f2f-abc5-b39f6eaa5bda', 'filamento', 'PLA BEGE', 'PLA', 'bege', 20.28, 'gr', 0.1, 2.028, 20.28, 0),
  ('ee5be316-3607-48ef-b589-39ae7d3a8713', '132debb3-d80e-4492-99fc-4b10916e545d', '577cf24a-d986-4d8b-9769-8491e80cce27', 'filamento', 'PLA MARROM - SUNLU', 'PLA', 'marrom', 1.05, 'gr', 0.1, 0.10500000000000001, 1.05, 1),
  ('f408d92e-058a-4ab2-a7b4-09ad8c28b9c3', '132debb3-d80e-4492-99fc-4b10916e545d', 'cc7019d3-5272-47d4-8ce8-c7f5d75576e6', 'filamento', 'PLA PRETO', 'PLA', 'preto', 0.63, 'gr', 0.1, 0.063, 0.63, 2),
  ('13918bc3-544f-4815-a84a-41e218389c4c', 'e8273a42-2506-4db5-8460-b630ab7fad2f', 'f58e63a3-91f1-41c8-a3fe-09da52784351', 'filamento', 'PLA (legado)', 'PLA', NULL, 7.07, 'gr', 0.1, 0.7070000000000001, 7.07, 0),
  ('109cb6ce-17b0-4945-8047-cee78726c903', 'a2987dff-993a-4705-b4fd-085acaab2f43', 'eaffff53-749e-4647-a935-4dbf92b1712c', 'filamento', 'PLA TRICOLOR - VERDE, DOURADO E PINK', 'PLA', 'tricolor', 3.58, 'gr', 0.1, 0.35800000000000004, 3.58, 0),
  ('3df0caba-a56e-4de5-a39b-b50c1525fd23', 'ea3e496b-5333-4878-b192-a65327bfe330', 'c2aef494-82f0-4b3b-b69e-580f84a5112a', 'filamento', 'PLA LARANJA', 'PLA', 'laranja', 9.23, 'gr', 0.1, 0.923, 9.23, 0),
  ('cb9f8689-3a9a-4003-a3fa-f0246c759d62', '0b2b92b6-512d-4793-ad4c-3716b7dfc0b3', 'f58e63a3-91f1-41c8-a3fe-09da52784351', 'filamento', 'PLA (legado)', 'PLA', NULL, 3.75, 'gr', 0.1, 0.375, 3.75, 0),
  ('29671813-4669-4b03-b9ef-f49aaaa92d2c', '8c1487fb-913e-4dc3-ba11-68e3dcaba8d1', 'c2aef494-82f0-4b3b-b69e-580f84a5112a', 'filamento', 'PLA LARANJA', 'PLA', 'Laranja', 11.77, 'gr', 0.1, 1.177, 11.77, 0),
  ('70da3037-b14e-48b5-a56a-0d5ae913cb8a', '1cbc5b78-c769-45f8-aa1e-0f0c4f3b4f6d', 'f58e63a3-91f1-41c8-a3fe-09da52784351', 'filamento', 'PLA (legado)', 'PLA', NULL, 6.93, 'gr', 0.1, 0.6930000000000001, 6.93, 0),
  ('056e0b6b-d703-47fa-827f-24222a316613', '70ad18aa-2f19-4335-8358-73b997ffb12e', 'f58e63a3-91f1-41c8-a3fe-09da52784351', 'filamento', 'PLA (legado)', 'PLA', NULL, 50.08, 'gr', 0.1, 5.008, 50.08, 0),
  ('de4b3ce2-049b-480d-b66b-3ea0564c2c2b', 'd08daf57-ea55-4b6c-be40-e08aeea16fc3', 'f58e63a3-91f1-41c8-a3fe-09da52784351', 'filamento', 'PLA (legado)', 'PLA', NULL, 10.24, 'gr', 0.1, 1.024, 10.24, 0),
  ('be32363e-e0fd-4dba-afc2-b001244409bf', '12b91214-be83-47ad-9b20-4cd932e12ea6', 'f58e63a3-91f1-41c8-a3fe-09da52784351', 'filamento', 'PLA (legado)', 'PLA', NULL, 11.04, 'gr', 0.1, 1.1039999999999999, 11.04, 0),
  ('413283f1-53ad-4bd1-84c8-09813989c368', '2b386cea-395c-47eb-be8d-7a7fa9ef6903', 'f58e63a3-91f1-41c8-a3fe-09da52784351', 'filamento', 'PLA (legado)', 'PLA', NULL, 5.79, 'gr', 0.1, 0.5790000000000001, 5.79, 0),
  ('5e6fd918-60c7-4e1c-bed9-429b3ff0f2ee', 'd7728318-a9c7-43b0-8baa-149e6d4b173f', 'f58e63a3-91f1-41c8-a3fe-09da52784351', 'filamento', 'PLA (legado)', 'PLA', NULL, 4.84, 'gr', 0.1, 0.484, 4.84, 0),
  ('99e00c83-93e5-4e09-8667-a342947c90cd', '23ae6fe3-eee8-4a2d-ae73-1b2bc3d20fca', 'f58e63a3-91f1-41c8-a3fe-09da52784351', 'filamento', 'PLA (legado)', 'PLA', NULL, 8.31, 'gr', 0.1, 0.8310000000000001, 8.31, 0),
  ('1a459021-df07-490b-83e6-590d51757afd', '066195ca-1bed-4221-a0c7-07b8b40024f8', 'f58e63a3-91f1-41c8-a3fe-09da52784351', 'filamento', 'PLA (legado)', 'PLA', NULL, 10.66, 'gr', 0.1, 1.066, 10.66, 0),
  ('ae9e87b3-5149-4105-af35-dcdb5d4bd95b', '4d00d163-32d0-4125-a95e-b6b45da70133', 'f58e63a3-91f1-41c8-a3fe-09da52784351', 'filamento', 'PLA (legado)', 'PLA', NULL, 6.4, 'gr', 0.1, 0.6400000000000001, 6.4, 0),
  ('a9951e39-047d-4cc0-a95b-ee008e0486fe', 'f107f366-0e5d-4198-b964-61d020a19fb3', 'f58e63a3-91f1-41c8-a3fe-09da52784351', 'filamento', 'PLA (legado)', 'PLA', NULL, 8.5, 'gr', 0.1, 0.8500000000000001, 8.5, 0),
  ('65ca3bac-6223-46ba-905d-4eff9c0c991e', 'b588499f-afd2-448f-8806-222a55864f3c', 'f58e63a3-91f1-41c8-a3fe-09da52784351', 'filamento', 'PLA (legado)', 'PLA', NULL, 169.09, 'gr', 0.1, 16.909000000000002, 169.09, 0),
  ('f2ac47b5-1f8b-465f-ade7-6d1613335d6c', 'c7cd7335-a42c-4ea6-83a8-a8827152511f', 'f58e63a3-91f1-41c8-a3fe-09da52784351', 'filamento', 'PLA (legado)', 'PLA', NULL, 4.86, 'gr', 0.1, 0.48600000000000004, 4.86, 0),
  ('14dbe12f-20b1-4aad-8df2-598a0c2b2587', 'e078fc90-4f16-430c-9f9a-6c681b294e89', 'f58e63a3-91f1-41c8-a3fe-09da52784351', 'filamento', 'PLA (legado)', 'PLA', NULL, 15.06, 'gr', 0.1, 1.5060000000000002, 15.06, 0),
  ('f0875dab-d389-487b-8ee7-3b5311de73bc', 'b3975e7d-17d4-4647-8094-bd9c998eef47', 'f58e63a3-91f1-41c8-a3fe-09da52784351', 'filamento', 'PLA (legado)', 'PLA', NULL, 14.57, 'gr', 0.1, 1.457, 14.57, 0),
  ('16911d45-a514-43da-a256-89eafc30e961', '489e4451-7867-452f-8a84-ff9a5345d45f', '4cc56271-544d-444f-b9e0-f2e2b688032d', 'filamento', 'PLA BRANCO', 'PLA', 'branco', 2.44, 'gr', 0.1, 0.244, 2.44, 0),
  ('a6a06496-1215-43d7-9a01-a42603075d75', '489e4451-7867-452f-8a84-ff9a5345d45f', '9a1b606e-0ef9-49a2-b5f4-7b89d60fab44', 'filamento', 'PLA AZUL - SUNLU', 'PLA', 'azul', 22.06, 'gr', 0.11976, 2.6419056, 22.06, 1),
  ('07ab5f4a-f840-468e-8ad1-387575ddf738', '34608181-a5bb-4682-81a5-c570b07d74ae', '9a1b606e-0ef9-49a2-b5f4-7b89d60fab44', 'filamento', 'PLA AZUL - SUNLU', 'PLA', 'azul', 38.21, 'gr', 0.11976, 4.5760296, 38.21, 0),
  ('4880682a-ae29-45ec-b0e8-1c11c654f086', '586f8e07-a11c-4d6c-8d6a-92dff54cb2ca', 'eaffff53-749e-4647-a935-4dbf92b1712c', 'filamento', 'PLA TRICOLOR - VERDE, DOURADO E PINK', 'PLA', 'verde', 4.9, 'gr', 0.1, 0.49000000000000005, 4.9, 0),
  ('b5a20d6b-1075-4824-95d4-79598ed22e0f', '586f8e07-a11c-4d6c-8d6a-92dff54cb2ca', 'c7cc3f27-dc6d-4dd9-8b46-72c3e9893ebf', 'filamento', 'PLA AMARELO - SUNLU', 'PLA', 'amarelo', 6.35, 'gr', 0.11976, 0.760476, 6.35, 1),
  ('5bc8bdfe-4373-4250-b2cb-2f1ff0429d78', '605515a3-4a4a-450c-8a91-84e67539282a', '9a1b606e-0ef9-49a2-b5f4-7b89d60fab44', 'filamento', 'PLA AZUL - SUNLU', 'PLA', 'azul', 5.56, 'gr', 0.11976, 0.6658656, 5.56, 0),
  ('eaebda71-ad1f-48cc-8143-dff5c580eb30', '605515a3-4a4a-450c-8a91-84e67539282a', 'c7cc3f27-dc6d-4dd9-8b46-72c3e9893ebf', 'filamento', 'PLA AMARELO - SUNLU', 'PLA', 'amarelo', 0.61, 'gr', 0.11976, 0.0730536, 0.61, 1),
  ('b7eecb08-9269-42ce-84e7-d7359b5ca2e7', '605515a3-4a4a-450c-8a91-84e67539282a', '4cc56271-544d-444f-b9e0-f2e2b688032d', 'filamento', 'PLA BRANCO', 'PLA', 'branco', 2.34, 'gr', 0.1, 0.23399999999999999, 2.34, 2),
  ('6596de80-53f9-4449-8ba4-1caf0fcec435', 'eac7df9b-2c51-439f-b47b-4ce6d79ba0a0', 'f58e63a3-91f1-41c8-a3fe-09da52784351', 'filamento', 'PLA (legado)', 'PLA', NULL, 25.13, 'gr', 0.1, 2.513, 25.13, 0),
  ('d04675be-8d26-4de1-b996-d1d3ac9228d8', 'ccfced22-2e6c-4d54-95d2-9bfc889b7c77', '71cab7d8-f107-4a92-bdd9-5e9895efcf76', 'filamento', 'PETG (legado)', 'PETG', NULL, 21.22, 'gr', 0.1, 2.122, 21.22, 0),
  ('9adb7aca-4d04-4e1a-bacd-9ef4cc74823b', '7111141a-27bb-4cf9-8a3c-14577de1c963', 'f58e63a3-91f1-41c8-a3fe-09da52784351', 'filamento', 'PLA (legado)', 'PLA', NULL, 18.57, 'gr', 0.1, 1.8570000000000002, 18.57, 0),
  ('7d7c6454-010c-4c37-a234-7074ab81a01e', 'd7b99dfe-8094-4ceb-bc03-4c20aa7c0b2f', 'f58e63a3-91f1-41c8-a3fe-09da52784351', 'filamento', 'PLA (legado)', 'PLA', NULL, 12.83, 'gr', 0.12, 1.5395999999999999, 12.83, 0),
  ('9d511b3d-96f4-4c41-8bd7-4f500301f97b', '8d7103ed-641c-48d2-b499-e145413cd9e6', 'f58e63a3-91f1-41c8-a3fe-09da52784351', 'filamento', 'PLA (legado)', 'PLA', NULL, 67, 'gr', 0.12, 8.04, 67, 0),
  ('793b9422-13c3-4908-9cfc-2f4508c778ce', '1b3c7ec4-eba9-40ea-a50b-c252a533e009', 'f58e63a3-91f1-41c8-a3fe-09da52784351', 'filamento', 'PLA (legado)', 'PLA', NULL, 18.13, 'gr', 0.12, 2.1755999999999998, 18.13, 0),
  ('39353803-7e21-4315-b3f6-6af569b7020b', 'a9dbbdc2-ed11-48e7-8960-ef8d2f09be17', 'f58e63a3-91f1-41c8-a3fe-09da52784351', 'filamento', 'PLA (legado)', 'PLA', NULL, 23.61, 'gr', 0.12, 2.8331999999999997, 23.61, 0),
  ('a7e312ff-780e-4b66-92d1-faba1d66f4c5', 'fc51b1fa-1d65-4188-a633-2c6b6001803e', 'f58e63a3-91f1-41c8-a3fe-09da52784351', 'filamento', 'PLA (legado)', 'PLA', NULL, 46.47, 'gr', 0.12, 5.5764, 46.47, 0),
  ('42d71331-bb1a-465a-a113-d15036250064', 'ea6e92c8-1a34-4fe9-8652-70b928ca9dfc', 'f58e63a3-91f1-41c8-a3fe-09da52784351', 'filamento', 'PLA (legado)', 'PLA', NULL, 9.66, 'gr', 0.12, 1.1592, 9.66, 0),
  ('d90ff088-8961-4835-822c-c0fdceb06cb8', '40e052f1-7071-4346-ae16-3c698068c1cc', 'f58e63a3-91f1-41c8-a3fe-09da52784351', 'filamento', 'PLA (legado)', 'PLA', NULL, 128.96, 'gr', 0.12, 15.475200000000001, 128.96, 0),
  ('65563c9a-9b63-445c-892c-600ff1abdfb2', '0319ba04-c71b-4587-8c88-837b8e1a3da8', 'f58e63a3-91f1-41c8-a3fe-09da52784351', 'filamento', 'PLA (legado)', 'PLA', NULL, 48.19, 'gr', 0.12, 5.7828, 48.19, 0),
  ('c7b4f31d-3cc0-44dc-b274-b3a935dc6554', '72bf701e-5fa6-4f3d-be18-076baf975fda', 'f58e63a3-91f1-41c8-a3fe-09da52784351', 'filamento', 'PLA (legado)', 'PLA', NULL, 10.04, 'gr', 0.12, 1.2047999999999999, 10.04, 0),
  ('5f9fce42-538f-4397-85f1-d24ddfd4010e', '71bfaaa1-651c-401b-a8f2-507fa1157fa2', 'f58e63a3-91f1-41c8-a3fe-09da52784351', 'filamento', 'PLA (legado)', 'PLA', NULL, 113.61, 'gr', 0.12, 13.633199999999999, 113.61, 0),
  ('48b0690a-47c7-4370-a44d-83123780dd8f', 'f015e007-5df2-494c-9cab-2f9e10c82a3b', 'f58e63a3-91f1-41c8-a3fe-09da52784351', 'filamento', 'PLA (legado)', 'PLA', NULL, 2.21, 'gr', 0.1, 0.221, 2.21, 0),
  ('3c1d4293-b6e8-47de-b54b-977ee2604ab6', 'd312825f-3515-4682-801c-81e3d9e57e53', 'f58e63a3-91f1-41c8-a3fe-09da52784351', 'filamento', 'PLA (legado)', 'PLA', NULL, 1.36, 'gr', 0.1, 0.136, 1.36, 0),
  ('855c39ae-f662-476a-8f9d-53c9aff0386e', '686c7595-dbcc-4920-9bf7-acefe844de52', 'f58e63a3-91f1-41c8-a3fe-09da52784351', 'filamento', 'PLA (legado)', 'PLA', NULL, 7.51, 'gr', 0.1, 0.751, 7.51, 0),
  ('ba27a351-f55a-4d0a-939d-5d4e2b5663a8', '6e5ce16a-2642-4c7c-9759-3f95cd663620', 'f58e63a3-91f1-41c8-a3fe-09da52784351', 'filamento', 'PLA (legado)', 'PLA', NULL, 7.44, 'gr', 0.1, 0.7440000000000001, 7.44, 0),
  ('d5252069-86c5-485e-8878-ee7c399da794', '21636b97-fb9c-4e70-b60a-efb9c24993bf', 'f58e63a3-91f1-41c8-a3fe-09da52784351', 'filamento', 'PLA (legado)', 'PLA', NULL, 4.22, 'gr', 0.1, 0.422, 4.22, 0),
  ('b491964f-75db-4323-b59f-844d053a9032', 'e105ddaa-bea2-43a6-93c6-8128464a4595', 'f58e63a3-91f1-41c8-a3fe-09da52784351', 'filamento', 'PLA (legado)', 'PLA', NULL, 2.42, 'gr', 0.12, 0.2904, 2.42, 0),
  ('3f4b2874-c249-4599-b9ee-356c37962485', '6f8d3120-3545-439e-8b5b-b1e185c6405e', '9a1b606e-0ef9-49a2-b5f4-7b89d60fab44', 'filamento', 'PLA AZUL - SUNLU', 'PLA', 'azul', 11.58, 'gr', 0.12, 1.3896, 11.58, 0),
  ('55653aef-30e2-4725-9e85-451428fbeb9d', '6f8d3120-3545-439e-8b5b-b1e185c6405e', '4cc56271-544d-444f-b9e0-f2e2b688032d', 'filamento', 'PLA BRANCO', 'PLA', 'branco', 5.26, 'gr', 0.1, 0.526, 5.26, 1),
  ('86771e4b-69d6-4cde-968b-fa57466fcccf', '54ee4cbf-6a4f-45a4-8e3a-180a1e227bca', 'cc7019d3-5272-47d4-8ce8-c7f5d75576e6', 'filamento', 'PLA PRETO', 'PLA', 'preto', 3.89, 'gr', 0.1, 0.389, 3.89, 0),
  ('8e8ded95-de96-447f-aec9-c34db88e5c76', '54ee4cbf-6a4f-45a4-8e3a-180a1e227bca', '4cc56271-544d-444f-b9e0-f2e2b688032d', 'filamento', 'PLA BRANCO', 'PLA', 'branco', 7.66, 'gr', 0.1, 0.766, 7.66, 1),
  ('f6bc18bb-c3f8-482a-af8f-a31d306f0feb', '3ccdd7fd-47ed-4fe1-bc70-5a30bcfc46c4', '3649e64a-c309-4f1e-bc92-70e3e06b471f', 'filamento', 'PLA BRONZE', 'PLA', 'bronze', 142.06, 'gr', 0.1, 14.206000000000001, 142.06, 0),
  ('ec373d0e-fffa-4051-978d-ef252bc1dfb3', 'd42c3a88-b660-49d6-bbbd-1dbc090e4146', 'cc7019d3-5272-47d4-8ce8-c7f5d75576e6', 'filamento', 'PLA PRETO', 'PLA', 'preto', 6.51, 'gr', 0.12, 0.7811999999999999, 6.51, 0),
  ('251ebd6f-6d71-4180-a202-cdff95ffe3b6', 'd42c3a88-b660-49d6-bbbd-1dbc090e4146', 'c2aef494-82f0-4b3b-b69e-580f84a5112a', 'filamento', 'PLA LARANJA', 'PLA', 'laranja', 26.76, 'gr', 0.12, 3.2112000000000003, 26.76, 1),
  ('3c51a724-edd0-4ddb-bf23-9e269b6621e6', 'd42c3a88-b660-49d6-bbbd-1dbc090e4146', '4cc56271-544d-444f-b9e0-f2e2b688032d', 'filamento', 'PLA BRANCO', 'PLA', 'branco', 15.65, 'gr', 0.12, 1.878, 15.65, 2),
  ('7b8cb780-9076-4d47-8d7f-9e327101fddf', '9567fc67-b44b-468f-87ec-a466bc9b44f2', '577cf24a-d986-4d8b-9769-8491e80cce27', 'filamento', 'PLA MARROM - SUNLU', 'PLA', 'marrom', 8.33, 'gr', 0.12, 0.9995999999999999, 8.33, 0),
  ('e35753ed-e074-409c-ba22-d3e060cd80d6', '7386eb2a-00b5-44c9-b670-b60e5d1dcd6b', 'f58e63a3-91f1-41c8-a3fe-09da52784351', 'filamento', 'PLA (legado)', 'PLA', NULL, 4.1, 'gr', 0.12, 0.49199999999999994, 4.1, 0),
  ('51a514bf-d027-402c-9647-b9d67679198a', '0b6cd483-50bd-425f-a2fe-65ef4c26af76', 'f58e63a3-91f1-41c8-a3fe-09da52784351', 'filamento', 'PLA (legado)', 'PLA', NULL, 12.45, 'gr', 0.12, 1.4939999999999998, 12.45, 0),
  ('6d09744c-46a7-4bc3-9fad-ea1c680ad1a2', '85ff31db-9e43-46eb-a394-2554956232a7', 'f58e63a3-91f1-41c8-a3fe-09da52784351', 'filamento', 'PLA (legado)', 'PLA', NULL, 5.64, 'gr', 0.12, 0.6768, 5.64, 0),
  ('a19cd990-7e6b-42ca-9c77-bfd13cfbe2d6', '61b2f9a0-6d97-45e5-b0be-76d6f679cc69', 'f58e63a3-91f1-41c8-a3fe-09da52784351', 'filamento', 'PLA (legado)', 'PLA', NULL, 10.04, 'gr', 0.1, 1.004, 10.04, 0)
ON CONFLICT ("id") DO NOTHING;

COMMIT;
